{
    "name": "root",
    "gauges": {
        "Labirint.Policy.Entropy.mean": {
            "value": 3.3126378059387207,
            "min": 1.5046985149383545,
            "max": 3.504723072052002,
            "count": 45
        },
        "Labirint.Policy.Entropy.sum": {
            "value": 66246.1328125,
            "min": 25124.224609375,
            "max": 70087.453125,
            "count": 45
        },
        "Labirint.Environment.EpisodeLength.mean": {
            "value": 0.9407996894409938,
            "min": 0.9236820476693671,
            "max": 0.9756001185419342,
            "count": 45
        },
        "Labirint.Environment.EpisodeLength.sum": {
            "value": 9694.0,
            "min": 7867.0,
            "max": 9876.0,
            "count": 45
        },
        "Labirint.Step.mean": {
            "value": 899999.0,
            "min": 19999.0,
            "max": 899999.0,
            "count": 45
        },
        "Labirint.Step.sum": {
            "value": 899999.0,
            "min": 19999.0,
            "max": 899999.0,
            "count": 45
        },
        "Labirint.Policy.ExtrinsicValueEstimate.mean": {
            "value": 395.36566162109375,
            "min": 1.6057024002075195,
            "max": 406.0810241699219,
            "count": 45
        },
        "Labirint.Policy.ExtrinsicValueEstimate.sum": {
            "value": 4074243.0,
            "min": 13672.5556640625,
            "max": 4135529.0,
            "count": 45
        },
        "Labirint.Environment.CumulativeReward.mean": {
            "value": 4.251819505094614,
            "min": 3.540195414530328,
            "max": 29.27585526964409,
            "count": 45
        },
        "Labirint.Environment.CumulativeReward.sum": {
            "value": 43815.0,
            "min": 36595.0,
            "max": 296945.0,
            "count": 45
        },
        "Labirint.Policy.ExtrinsicReward.mean": {
            "value": 4.251819505094614,
            "min": 3.540195414530328,
            "max": 29.27585526964409,
            "count": 45
        },
        "Labirint.Policy.ExtrinsicReward.sum": {
            "value": 43815.0,
            "min": 36595.0,
            "max": 296945.0,
            "count": 45
        },
        "Labirint.Losses.PolicyLoss.mean": {
            "value": 0.06560868962745493,
            "min": 0.06223040694118633,
            "max": 0.07290368790833142,
            "count": 45
        },
        "Labirint.Losses.PolicyLoss.sum": {
            "value": 0.6560868962745493,
            "min": 0.491233082022518,
            "max": 0.692612352470557,
            "count": 45
        },
        "Labirint.Losses.ValueLoss.mean": {
            "value": 12829.036986796058,
            "min": 1409.5374972661336,
            "max": 12829.036986796058,
            "count": 45
        },
        "Labirint.Losses.ValueLoss.sum": {
            "value": 128290.36986796059,
            "min": 14095.374972661337,
            "max": 128290.36986796059,
            "count": 45
        },
        "Labirint.Policy.LearningRate.mean": {
            "value": 0.0002866560119479975,
            "min": 0.0002866560119479975,
            "max": 0.000299822595059135,
            "count": 45
        },
        "Labirint.Policy.LearningRate.sum": {
            "value": 0.0028665601194799747,
            "min": 0.0020987581654139447,
            "max": 0.0029956096064634647,
            "count": 45
        },
        "Labirint.Policy.Epsilon.mean": {
            "value": 0.1955520025,
            "min": 0.1955520025,
            "max": 0.19994086500000002,
            "count": 45
        },
        "Labirint.Policy.Epsilon.sum": {
            "value": 1.955520025,
            "min": 1.399586055,
            "max": 1.998536535,
            "count": 45
        },
        "Labirint.Policy.Beta.mean": {
            "value": 0.004778044924749999,
            "min": 0.004778044924749999,
            "max": 0.004997049163500001,
            "count": 45
        },
        "Labirint.Policy.Beta.sum": {
            "value": 0.047780449247499995,
            "min": 0.034979344144500005,
            "max": 0.0499269730965,
            "count": 45
        },
        "Labirint.IsTraining.mean": {
            "value": 1.0,
            "min": 1.0,
            "max": 1.0,
            "count": 45
        },
        "Labirint.IsTraining.sum": {
            "value": 1.0,
            "min": 1.0,
            "max": 1.0,
            "count": 45
        }
    },
    "metadata": {
        "timer_format_version": "0.1.0",
        "start_time_seconds": "1678807712",
        "python_version": "3.9.6 (tags/v3.9.6:db3ff76, Jun 28 2021, 15:26:21) [MSC v.1929 64 bit (AMD64)]",
        "command_line_arguments": "C:\\Users\\Andrey\\AppData\\Local\\Programs\\Python\\Python39\\Scripts\\mlagents-learn config/Labirint.yaml --run-id=Vector_Input_12 --resume",
        "mlagents_version": "0.29.0",
        "mlagents_envs_version": "0.29.0",
        "communication_protocol_version": "1.5.0",
        "pytorch_version": "1.7.1+cu110",
        "numpy_version": "1.21.2",
        "end_time_seconds": "1678818518"
    },
    "total": 10805.8339498,
    "count": 1,
    "self": 0.0036734000004798872,
    "children": {
        "run_training.setup": {
            "total": 0.0832389,
            "count": 1,
            "self": 0.0832389
        },
        "TrainerController.start_learning": {
            "total": 10805.7470375,
            "count": 1,
            "self": 5.481871900032274,
            "children": {
                "TrainerController._reset_env": {
                    "total": 10.6493831,
                    "count": 1,
                    "self": 10.6493831
                },
                "TrainerController.advance": {
                    "total": 10789.541690999968,
                    "count": 300151,
                    "self": 2.6696624002324825,
                    "children": {
                        "env_step": {
                            "total": 10786.872028599735,
                            "count": 300151,
                            "self": 10221.374467999376,
                            "children": {
                                "SubprocessEnvManager._take_step": {
                                    "total": 562.6634311002208,
                                    "count": 300151,
                                    "self": 4.9333877002095505,
                                    "children": {
                                        "TorchPolicy.evaluate": {
                                            "total": 557.7300434000113,
                                            "count": 82076,
                                            "self": 105.63720839992118,
                                            "children": {
                                                "TorchPolicy.sample_actions": {
                                                    "total": 452.0928350000901,
                                                    "count": 82076,
                                                    "self": 452.0928350000901
                                                }
                                            }
                                        }
                                    }
                                },
                                "workers": {
                                    "total": 2.8341295001385536,
                                    "count": 300150,
                                    "self": 0.0,
                                    "children": {
                                        "worker_root": {
                                            "total": 10790.483568499856,
                                            "count": 300150,
                                            "is_parallel": true,
                                            "self": 935.9045996996665,