{
    "name": "root",
    "gauges": {
        "Labirint.Policy.Entropy.mean": {
            "value": 0.691798746585846,
            "min": 0.33971571922302246,
            "max": 0.691798746585846,
            "count": 3
        },
        "Labirint.Policy.Entropy.sum": {
            "value": 13842.201171875,
            "min": 1692.803466796875,
            "max": 13842.201171875,
            "count": 3
        },
        "Labirint.Environment.EpisodeLength.mean": {
            "value": 0.980889196950193,
            "min": 0.92948469585432,
            "max": 0.980889196950193,
            "count": 3
        },
        "Labirint.Environment.EpisodeLength.sum": {
            "value": 9906.0,
            "min": 2399.0,
            "max": 9906.0,
            "count": 3
        },
        "Labirint.Step.mean": {
            "value": 879999.0,
            "min": 839999.0,
            "max": 879999.0,
            "count": 3
        },
        "Labirint.Step.sum": {
            "value": 879999.0,
            "min": 839999.0,
            "max": 879999.0,
            "count": 3
        },
        "Labirint.Policy.ExtrinsicValueEstimate.mean": {
            "value": 324.9726257324219,
            "min": 324.9726257324219,
            "max": 607.9736328125,
            "count": 3
        },
        "Labirint.Policy.ExtrinsicValueEstimate.sum": {
            "value": 3281248.5,
            "min": 1566748.125,
            "max": 4186238.5,
            "count": 3
        },
        "Labirint.Environment.CumulativeReward.mean": {
            "value": 29.49143309894028,
            "min": -2.0256111757857975,
            "max": 29.49143309894028,
            "count": 3
        },
        "Labirint.Environment.CumulativeReward.sum": {
            "value": 297775.0,
            "min": -5220.0,
            "max": 297775.0,
            "count": 3
        },
        "Labirint.Policy.ExtrinsicReward.mean": {
            "value": 29.49143309894028,
            "min": -2.0256111757857975,
            "max": 29.49143309894028,
            "count": 3
        },
        "Labirint.Policy.ExtrinsicReward.sum": {
            "value": 297775.0,
            "min": -5220.0,
            "max": 297775.0,
            "count": 3
        },
        "Labirint.Losses.PolicyLoss.mean": {
            "value": 0.06532945777278791,
            "min": 0.06322834482901575,
            "max": 0.06532945777278791,
            "count": 3
        },
        "Labirint.Losses.PolicyLoss.sum": {
            "value": 0.5879651199550912,
            "min": 0.1281777165325669,
            "max": 0.6322834482901575,
            "count": 3
        },
        "Labirint.Losses.ValueLoss.mean": {
            "value": 4436.863186165138,
            "min": 4436.863186165138,
            "max": 34881.97020467122,
            "count": 3
        },
        "Labirint.Losses.ValueLoss.sum": {
            "value": 39931.768675486244,
            "min": 39931.768675486244,
            "max": 121606.11780929565,
            "count": 3
        },
        "Labirint.Policy.LearningRate.mean": {
            "value": 0.00028695109601630273,
            "min": 0.00028695109601630273,
            "max": 0.000287428489190505,
            "count": 3
        },
        "Labirint.Policy.LearningRate.sum": {
            "value": 0.0025825598641467246,
            "min": 0.00057485697838101,
            "max": 0.0028724367875210847,
            "count": 3
        },
        "Labirint.Policy.Epsilon.mean": {
            "value": 0.19565036388888887,
            "min": 0.19565036388888887,
            "max": 0.19580949500000003,
            "count": 3
        },
        "Labirint.Policy.Epsilon.sum": {
            "value": 1.7608532749999999,
            "min": 0.39161899000000006,
            "max": 1.9574789150000003,
            "count": 3
        },
        "Labirint.Policy.Beta.mean": {
            "value": 0.004782953158055555,
            "min": 0.004782953158055555,
            "max": 0.0047908938005000005,
            "count": 3
        },
        "Labirint.Policy.Beta.sum": {
            "value": 0.043046578422499995,
            "min": 0.009581787601000001,
            "max": 0.047878197858500005,
            "count": 3
        },
        "Labirint.IsTraining.mean": {
            "value": 1.0,
            "min": 1.0,
            "max": 1.0,
            "count": 3
        },
        "Labirint.IsTraining.sum": {
            "value": 1.0,
            "min": 1.0,
            "max": 1.0,
            "count": 3
        }
    },
    "metadata": {
        "timer_format_version": "0.1.0",
        "start_time_seconds": "1678832682",
        "python_version": "3.9.6 (tags/v3.9.6:db3ff76, Jun 28 2021, 15:26:21) [MSC v.1929 64 bit (AMD64)]",
        "command_line_arguments": "C:\\Users\\Andrey\\AppData\\Local\\Programs\\Python\\Python39\\Scripts\\mlagents-learn config/Labirint.yaml --run-id=Vector_Input_13.7 --resume",
        "mlagents_version": "0.29.0",
        "mlagents_envs_version": "0.29.0",
        "communication_protocol_version": "1.5.0",
        "pytorch_version": "1.7.1+cu110",
        "numpy_version": "1.21.2",
        "end_time_seconds": "1678832934"
    },
    "total": 251.1147,
    "count": 1,
    "self": 0.004545199999995475,
    "children": {
        "run_training.setup": {
            "total": 0.08695810000000015,
            "count": 1,
            "self": 0.08695810000000015
        },
        "TrainerController.start_learning": {
            "total": 251.0231967,
            "count": 1,
            "self": 0.38728080000177556,
            "children": {
                "TrainerController._reset_env": {
                    "total": 5.185984899999999,
                    "count": 1,
                    "self": 5.185984899999999
                },
                "TrainerController.advance": {
                    "total": 245.39652019999824,
                    "count": 21328,
                    "self": 0.17213929999775246,
                    "children": {
                        "env_step": {
                            "total": 245.22438090000048,
                            "count": 21328,
                            "self": 222.33936100000068,
                            "children": {
                                "SubprocessEnvManager._take_step": {
                                    "total": 22.69948689999957,
                                    "count": 21328,
                                    "self": 0.3120026999991339,
                                    "children": {
                                        "TorchPolicy.evaluate": {
                                            "total": 22.387484200000436,
                                            "count": 5734,
                                            "self": 5.7433127000005975,
                                            "children": {
                                                "TorchPolicy.sample_actions": {
                                                    "total": 16.64417149999984,
                                                    "count": 5734,
                                                    "self": 16.64417149999984
                                                }
                                            }
                                        }
                                    }
                                },
                                "workers": {
                                    "total": 0.18553300000023398,
                                    "count": 21327,
                                    "self": 0.0,
                                    "children": {
                                        "worker_root": {
                                            "total": 247.5199367000003,
                                            "count": 21327,
                                            "is_parallel": true,
                                            "self": 52.12188100000182,