{
    "name": "root",
    "gauges": {
        "Labirint.Policy.Entropy.mean": {
            "value": 1.0104328393936157,
            "min": 0.9105004072189331,
            "max": 1.0104328393936157,
            "count": 2
        },
        "Labirint.Policy.Entropy.sum": {
            "value": 20188.447265625,
            "min": 18246.427734375,
            "max": 20188.447265625,
            "count": 2
        },
        "Labirint.Environment.EpisodeLength.mean": {
            "value": 0.9333591256407776,
            "min": 0.9038424957199924,
            "max": 0.9333591256407776,
            "count": 2
        },
        "Labirint.Environment.EpisodeLength.sum": {
            "value": 9650.0,
            "min": 9503.0,
            "max": 9650.0,
            "count": 2
        },
        "Labirint.Step.mean": {
            "value": 39998.0,
            "min": 19999.0,
            "max": 39998.0,
            "count": 2
        },
        "Labirint.Step.sum": {
            "value": 39998.0,
            "min": 19999.0,
            "max": 39998.0,
            "count": 2
        },
        "Labirint.Policy.ExtrinsicValueEstimate.mean": {
            "value": -64.36673736572266,
            "min": -64.36673736572266,
            "max": -26.15935516357422,
            "count": 2
        },
        "Labirint.Policy.ExtrinsicValueEstimate.sum": {
            "value": -665809.5,
            "min": -665809.5,
            "max": -274804.03125,
            "count": 2
        },
        "Labirint.Environment.CumulativeReward.mean": {
            "value": -8.888411699381985,
            "min": -12.191522955233934,
            "max": -8.888411699381985,
            "count": 2
        },
        "Labirint.Environment.CumulativeReward.sum": {
            "value": -91941.73061840725,
            "min": -128071.94864473247,
            "max": -91941.73061840725,
            "count": 2
        },
        "Labirint.Policy.ExtrinsicReward.mean": {
            "value": -8.888411699381985,
            "min": -12.191522955233934,
            "max": -8.888411699381985,
            "count": 2
        },
        "Labirint.Policy.ExtrinsicReward.sum": {
            "value": -91941.73061840725,
            "min": -128071.94864473247,
            "max": -91941.73061840725,
            "count": 2
        },
        "Labirint.Losses.PolicyLoss.mean": {
            "value": 0.06405221472474901,
            "min": 0.06405221472474901,
            "max": 0.0756625429688332,
            "count": 2
        },
        "Labirint.Losses.PolicyLoss.sum": {
            "value": 0.64052214724749,
            "min": 0.64052214724749,
            "max": 0.6809628867194988,
            "count": 2
        },
        "Labirint.Losses.ValueLoss.mean": {
            "value": 99.09411094188691,
            "min": 99.09411094188691,
            "max": 434.5452007894163,
            "count": 2
        },
        "Labirint.Losses.ValueLoss.sum": {
            "value": 990.9411094188691,
            "min": 990.9411094188691,
            "max": 3910.906807104747,
            "count": 2
        },
        "Labirint.Policy.LearningRate.mean": {
            "value": 0.0002999982136145954,
            "min": 0.0002999982136145954,
            "max": 0.0002999993841268719,
            "count": 2
        },
        "Labirint.Policy.LearningRate.sum": {
            "value": 0.002999982136145954,
            "min": 0.002699994457141847,
            "max": 0.002999982136145954,
            "count": 2
        },
        "Labirint.Policy.Epsilon.mean": {
            "value": 0.199999404538,
            "min": 0.199999404538,
            "max": 0.1999997947088889,
            "count": 2
        },
        "Labirint.Policy.Epsilon.sum": {
            "value": 1.99999404538,
            "min": 1.7999981523800002,
            "max": 1.99999404538,
            "count": 2
        },
        "Labirint.Policy.Beta.mean": {
            "value": 0.0049999702864462,
            "min": 0.0049999702864462,
            "max": 0.004999989755973555,
            "count": 2
        },
        "Labirint.Policy.Beta.sum": {
            "value": 0.049999702864462,
            "min": 0.044999907803762,
            "max": 0.049999702864462,
            "count": 2
        },
        "Labirint.IsTraining.mean": {
            "value": 1.0,
            "min": 1.0,
            "max": 1.0,
            "count": 2
        },
        "Labirint.IsTraining.sum": {
            "value": 1.0,
            "min": 1.0,
            "max": 1.0,
            "count": 2
        }
    },
    "metadata": {
        "timer_format_version": "0.1.0",
        "start_time_seconds": "1679077178",
        "python_version": "3.9.6 (tags/v3.9.6:db3ff76, Jun 28 2021, 15:26:21) [MSC v.1929 64 bit (AMD64)]",
        "command_line_arguments": "C:\\Users\\Andrey\\AppData\\Local\\Programs\\Python\\Python39\\Scripts\\mlagents-learn config/Labirint.yaml --run-id=Vector_Input_19.3",
        "mlagents_version": "0.29.0",
        "mlagents_envs_version": "0.29.0",
        "communication_protocol_version": "1.5.0",
        "pytorch_version": "1.7.1+cu110",
        "numpy_version": "1.21.2",
        "end_time_seconds": "1679077802"
    },
    "total": 624.9613499,
    "count": 1,
    "self": 0.003397399999926165,
    "children": {
        "run_training.setup": {
            "total": 0.08461459999999998,
            "count": 1,
            "self": 0.08461459999999998
        },
        "TrainerController.start_learning": {
            "total": 624.8733379,
            "count": 1,
            "self": 0.30624270000248544,
            "children": {
                "TrainerController._reset_env": {
                    "total": 27.232716600000003,
                    "count": 1,
                    "self": 27.232716600000003
                },
                "TrainerController.advance": {
                    "total": 597.2736935999974,
                    "count": 13647,
                    "self": 0.14038469999672998,
                    "children": {
                        "env_step": {
                            "total": 597.1333089000007,
                            "count": 13647,
                            "self": 580.440286999992,
                            "children": {
                                "SubprocessEnvManager._take_step": {
                                    "total": 16.556817500003994,
                                    "count": 13648,
                                    "self": 0.22180360000412946,
                                    "children": {
                                        "TorchPolicy.evaluate": {
                                            "total": 16.335013899999865,
                                            "count": 3263,
                                            "self": 5.719764899999618,
                                            "children": {
                                                "TorchPolicy.sample_actions": {
                                                    "total": 10.615249000000247,
                                                    "count": 3263,
                                                    "self": 10.615249000000247
                                                }
                                            }
                                        }
                                    }
                                },
                                "workers": {
                                    "total": 0.13620440000462253,
                                    "count": 13646,
                                    "self": 0.0,
                                    "children": {
                                        "worker_root": {
                                            "total": 586.241172499998,
                                            "count": 13646,
                                            "is_parallel": true,
                                            "self": 37.06641679999916,