{
    "name": "root",
    "gauges": {
        "Labirint.Policy.Entropy.mean": {
            "value": 0.7656931281089783,
            "min": 0.4408768117427826,
            "max": 0.7698257565498352,
            "count": 88
        },
        "Labirint.Policy.Entropy.sum": {
            "value": 15415.69921875,
            "min": 3060.8974609375,
            "max": 15582.04296875,
            "count": 88
        },
        "Labirint.Environment.EpisodeLength.mean": {
            "value": 24.77056277056277,
            "min": 22.645390070921987,
            "max": 32.64924114671164,
            "count": 88
        },
        "Labirint.Environment.EpisodeLength.sum": {
            "value": 17166.0,
            "min": 4530.0,
            "max": 19479.0,
            "count": 88
        },
        "Labirint.Step.mean": {
            "value": 8159991.0,
            "min": 6419967.0,
            "max": 8159991.0,
            "count": 88
        },
        "Labirint.Step.sum": {
            "value": 8159991.0,
            "min": 6419967.0,
            "max": 8159991.0,
            "count": 88
        },
        "Labirint.Policy.ExtrinsicValueEstimate.mean": {
            "value": 0.7108569741249084,
            "min": -0.24366897344589233,
            "max": 1.8099933862686157,
            "count": 88
        },
        "Labirint.Policy.ExtrinsicValueEstimate.sum": {
            "value": 504.7084655761719,
            "min": -206.14395141601562,
            "max": 1147.30322265625,
            "count": 88
        },
        "Labirint.Environment.CumulativeReward.mean": {
            "value": 2.0140591525777767,
            "min": 0.9506103659620562,
            "max": 4.336090880656232,
            "count": 88
        },
        "Labirint.Environment.CumulativeReward.sum": {
            "value": 1395.7429927363992,
            "min": 438.43200293183327,
            "max": 2575.637983109802,
            "count": 88
        },
        "Labirint.Policy.ExtrinsicReward.mean": {
            "value": 2.0140591525777767,
            "min": 0.9506103659620562,
            "max": 4.336090880656232,
            "count": 88
        },
        "Labirint.Policy.ExtrinsicReward.sum": {
            "value": 1395.7429927363992,
            "min": 438.43200293183327,
            "max": 2575.637983109802,
            "count": 88
        },
        "Labirint.Losses.PolicyLoss.mean": {
            "value": 0.0711692671815399,
            "min": 0.06644749523644956,
            "max": 0.08136334677692503,
            "count": 88
        },
        "Labirint.Losses.PolicyLoss.sum": {
            "value": 0.7116926718153991,
            "min": 0.16272669355385005,
            "max": 0.7792407064698637,
            "count": 88
        },
        "Labirint.Losses.ValueLoss.mean": {
            "value": 8.72656090259552,
            "min": 7.963382543237121,
            "max": 12.10236422518889,
            "count": 88
        },
        "Labirint.Losses.ValueLoss.sum": {
            "value": 87.2656090259552,
            "min": 17.163712054491043,
            "max": 121.0236422518889,
            "count": 88
        },
        "Labirint.Policy.LearningRate.mean": {
            "value": 0.00029951102919099036,
            "min": 0.00029951102919099036,
            "max": 0.00029961489642836786,
            "count": 88
        },
        "Labirint.Policy.LearningRate.sum": {
            "value": 0.0029951102919099034,
            "min": 0.0005992297928567357,
            "max": 0.002996130334469889,
            "count": 88
        },
        "Labirint.Policy.Epsilon.mean": {
            "value": 0.199837009676,
            "min": 0.199837009676,
            "max": 0.19987163209999997,
            "count": 88
        },
        "Labirint.Policy.Epsilon.sum": {
            "value": 1.99837009676,
            "min": 0.39974326419999995,
            "max": 1.9987101110600003,
            "count": 88
        },
        "Labirint.Policy.Beta.mean": {
            "value": 0.004991866782832399,
            "min": 0.004991866782832399,
            "max": 0.004993594441790001,
            "count": 88
        },
        "Labirint.Policy.Beta.sum": {
            "value": 0.04991866782832399,
            "min": 0.009987188883580002,
            "max": 0.049935634541894,
            "count": 88
        },
        "Labirint.IsTraining.mean": {
            "value": 1.0,
            "min": 1.0,
            "max": 1.0,
            "count": 88
        },
        "Labirint.IsTraining.sum": {
            "value": 1.0,
            "min": 1.0,
            "max": 1.0,
            "count": 88
        }
    },
    "metadata": {
        "timer_format_version": "0.1.0",
        "start_time_seconds": "1679649808",
        "python_version": "3.9.6 (tags/v3.9.6:db3ff76, Jun 28 2021, 15:26:21) [MSC v.1929 64 bit (AMD64)]",
        "command_line_arguments": "C:\\Users\\Andrey\\AppData\\Local\\Programs\\Python\\Python39\\Scripts\\mlagents-learn config/Labirint.yaml --run-id=Camera_Input2 --resume",
        "mlagents_version": "0.29.0",
        "mlagents_envs_version": "0.29.0",
        "communication_protocol_version": "1.5.0",
        "pytorch_version": "1.7.1+cu110",
        "numpy_version": "1.21.2",
        "end_time_seconds": "1679662413"
    },
    "total": 12604.530483,
    "count": 1,
    "self": 0.0034314000004087575,
    "children": {
        "run_training.setup": {
            "total": 0.11266399999999988,
            "count": 1,
            "self": 0.11266399999999988
        },
        "TrainerController.start_learning": {
            "total": 12604.4143876,
            "count": 1,
            "self": 5.5284022000014374,
            "children": {
                "TrainerController._reset_env": {
                    "total": 16.7017305,
                    "count": 1,
                    "self": 16.7017305
                },
                "TrainerController.advance": {
                    "total": 12582.086979599997,
                    "count": 245199,
                    "self": 2.5686773001143592,
                    "children": {
                        "env_step": {
                            "total": 12579.518302299883,
                            "count": 245199,
                            "self": 12005.70605289926,
                            "children": {
                                "SubprocessEnvManager._take_step": {
                                    "total": 570.3083663998282,
                                    "count": 245199,
                                    "self": 9.492009399749236,
                                    "children": {
                                        "TorchPolicy.evaluate": {
                                            "total": 560.8163570000789,
                                            "count": 195338,
                                            "self": 140.92815140037612,
                                            "children": {
                                                "TorchPolicy.sample_actions": {
                                                    "total": 419.8882055997028,
                                                    "count": 195338,
                                                    "self": 419.8882055997028
                                                }
                                            }
                                        }
                                    }
                                },
                                "workers": {
                                    "total": 3.5038830007930493,
                                    "count": 245198,
                                    "self": 0.0,
                                    "children": {
                                        "worker_root": {
                                            "total": 12584.033615299357,
                                            "count": 245198,
                                            "is_parallel": true,