{
    "name": "root",
    "gauges": {
        "Labirint.Policy.Entropy.mean": {
            "value": 0.6992059946060181,
            "min": 0.6714575290679932,
            "max": 0.7110953330993652,
            "count": 5
        },
        "Labirint.Policy.Entropy.sum": {
            "value": 14059.6337890625,
            "min": 7740.7861328125,
            "max": 14177.373046875,
            "count": 5
        },
        "Labirint.Step.mean": {
            "value": 20059965.0,
            "min": 19979992.0,
            "max": 20059965.0,
            "count": 5
        },
        "Labirint.Step.sum": {
            "value": 20059965.0,
            "min": 19979992.0,
            "max": 20059965.0,
            "count": 5
        },
        "Labirint.Policy.ExtrinsicValueEstimate.mean": {
            "value": 19.60384750366211,
            "min": 19.52096176147461,
            "max": 21.84362030029297,
            "count": 5
        },
        "Labirint.Policy.ExtrinsicValueEstimate.sum": {
            "value": 3371.86181640625,
            "min": 1804.1585693359375,
            "max": 3778.9462890625,
            "count": 5
        },
        "Labirint.Environment.EpisodeLength.mean": {
            "value": 541.4736842105264,
            "min": 494.77142857142854,
            "max": 541.4736842105264,
            "count": 5
        },
        "Labirint.Environment.EpisodeLength.sum": {
            "value": 20576.0,
            "min": 8492.0,
            "max": 20576.0,
            "count": 5
        },
        "Labirint.Environment.CumulativeReward.mean": {
            "value": 126.30451975998126,
            "min": 109.16916966087678,
            "max": 136.94955734536052,
            "count": 5
        },
        "Labirint.Environment.CumulativeReward.sum": {
            "value": 4799.571750879288,
            "min": 1855.8758842349052,
            "max": 5341.03273646906,
            "count": 5
        },
        "Labirint.Policy.ExtrinsicReward.mean": {
            "value": 126.30451975998126,
            "min": 109.16916966087678,
            "max": 136.94955734536052,
            "count": 5
        },
        "Labirint.Policy.ExtrinsicReward.sum": {
            "value": 4799.571750879288,
            "min": 1855.8758842349052,
            "max": 5341.03273646906,
            "count": 5
        },
        "Labirint.Losses.PolicyLoss.mean": {
            "value": 0.07159633841947652,
            "min": 0.0669071401314189,
            "max": 0.07338397278621453,
            "count": 5
        },
        "Labirint.Losses.PolicyLoss.sum": {
            "value": 0.7159633841947651,
            "min": 0.2935358911448581,
            "max": 0.7159633841947651,
            "count": 5
        },
        "Labirint.Losses.ValueLoss.mean": {
            "value": 20.967960879206657,
            "min": 18.682796817024546,
            "max": 20.967960879206657,
            "count": 5
        },
        "Labirint.Losses.ValueLoss.sum": {
            "value": 209.67960879206657,
            "min": 80.92710875175153,
            "max": 209.67960879206657,
            "count": 5
        },
        "Labirint.Policy.LearningRate.mean": {
            "value": 0.00029879699066300317,
            "min": 0.00029879699066300317,
            "max": 0.000298801476294508,
            "count": 5
        },
        "Labirint.Policy.LearningRate.sum": {
            "value": 0.002987969906630032,
            "min": 0.001195205905178032,
            "max": 0.0029880057578780816,
            "count": 5
        },
        "Labirint.Policy.Epsilon.mean": {
            "value": 0.199598996754,
            "min": 0.199598996754,
            "max": 0.19960049196500002,
            "count": 5
        },
        "Labirint.Policy.Epsilon.sum": {
            "value": 1.9959899675400001,
            "min": 0.7984019678600001,
            "max": 1.9960019179600001,
            "count": 5
        },
        "Labirint.Policy.Beta.mean": {
            "value": 0.0049799899380246005,
            "min": 0.0049799899380246005,
            "max": 0.0049800645490535,
            "count": 5
        },
        "Labirint.Policy.Beta.sum": {
            "value": 0.049799899380246,
            "min": 0.019920258196214,
            "max": 0.049800495706204,
            "count": 5
        },
        "Labirint.IsTraining.mean": {
            "value": 1.0,
            "min": 1.0,
            "max": 1.0,
            "count": 5
        },
        "Labirint.IsTraining.sum": {
            "value": 1.0,
            "min": 1.0,
            "max": 1.0,
            "count": 5
        }
    },
    "metadata": {
        "timer_format_version": "0.1.0",
        "start_time_seconds": "1680527884",
        "python_version": "3.9.6 (tags/v3.9.6:db3ff76, Jun 28 2021, 15:26:21) [MSC v.1929 64 bit (AMD64)]",
        "command_line_arguments": "C:\\Users\\Andrey\\AppData\\Local\\Programs\\Python\\Python39\\Scripts\\mlagents-learn config/Labirint.yaml --run-id=Camera_Input4.3 --resume",
        "mlagents_version": "0.29.0",
        "mlagents_envs_version": "0.29.0",
        "communication_protocol_version": "1.5.0",
        "pytorch_version": "1.7.1+cu110",
        "numpy_version": "1.21.2",
        "end_time_seconds": "1680529123"
    },
    "total": 1239.2935741000001,
    "count": 1,
    "self": 0.003386600000112594,
    "children": {
        "run_training.setup": {
            "total": 0.20206779999999958,
            "count": 1,
            "self": 0.20206779999999958
        },
        "TrainerController.start_learning": {
            "total": 1239.0881197,
            "count": 1,
            "self": 0.1987930000009328,
            "children": {
                "TrainerController._reset_env": {
                    "total": 15.4877112,
                    "count": 1,
                    "self": 15.4877112
                },
                "TrainerController.advance": {
                    "total": 1223.2894617999991,
                    "count": 8526,
                    "self": 0.08201009999311282,
                    "children": {
                        "env_step": {
                            "total": 1223.207451700006,
                            "count": 8526,
                            "self": 1161.9164562000026,
                            "children": {
                                "SubprocessEnvManager._take_step": {
                                    "total": 61.13669430000265,
                                    "count": 8527,
                                    "self": 0.6349245999957063,
                                    "children": {
                                        "TorchPolicy.evaluate": {
                                            "total": 60.501769700006946,
                                            "count": 8404,
                                            "self": 30.027314300012403,
                                            "children": {
                                                "TorchPolicy.sample_actions": {
                                                    "total": 30.474455399994543,
                                                    "count": 8404,
                                                    "self": 30.474455399994543
                                                }
                                            }
                                        }
                                    }
                                },
                                "workers": {
                                    "total": 0.15430120000079128,
                                    "count": 8525,
                                    "self": 0.0,
                                    "children": {
                                        "worker_root": {
                                            "total": 1128.7723369000037,
                                            "count": 8525,
                                            "is_parallel": true,