{
    "name": "root",
    "gauges": {
        "Labirint.Policy.Entropy.mean": {
            "value": 0.5915582180023193,
            "min": 0.5399467945098877,
            "max": 1.2163993120193481,
            "count": 41
        },
        "Labirint.Policy.Entropy.sum": {
            "value": 11823.474609375,
            "min": 10797.8564453125,
            "max": 24325.552734375,
            "count": 41
        },
        "Labirint.Environment.EpisodeLength.mean": {
            "value": 0.9814649618396273,
            "min": 0.9278897136797455,
            "max": 0.9814649618396273,
            "count": 41
        },
        "Labirint.Environment.EpisodeLength.sum": {
            "value": 9902.0,
            "min": 6490.0,
            "max": 9904.0,
            "count": 41
        },
        "Labirint.Step.mean": {
            "value": 819999.0,
            "min": 19999.0,
            "max": 819999.0,
            "count": 41
        },
        "Labirint.Step.sum": {
            "value": 819999.0,
            "min": 19999.0,
            "max": 819999.0,
            "count": 41
        },
        "Labirint.Policy.ExtrinsicValueEstimate.mean": {
            "value": 463.2476806640625,
            "min": -72.91737365722656,
            "max": 522.7162475585938,
            "count": 41
        },
        "Labirint.Policy.ExtrinsicValueEstimate.sum": {
            "value": 4676022.0,
            "min": -506921.59375,
            "max": 5310797.0,
            "count": 41
        },
        "Labirint.Environment.CumulativeReward.mean": {
            "value": 31.72379631464236,
            "min": 7.589182968929804,
            "max": 31.72379631464236,
            "count": 41
        },
        "Labirint.Environment.CumulativeReward.sum": {
            "value": 320220.0,
            "min": 52760.0,
            "max": 320220.0,
            "count": 41
        },
        "Labirint.Policy.ExtrinsicReward.mean": {
            "value": 31.72379631464236,
            "min": 7.589182968929804,
            "max": 31.72379631464236,
            "count": 41
        },
        "Labirint.Policy.ExtrinsicReward.sum": {
            "value": 320220.0,
            "min": 52760.0,
            "max": 320220.0,
            "count": 41
        },
        "Labirint.Losses.PolicyLoss.mean": {
            "value": 0.065618466292896,
            "min": 0.063580615693893,
            "max": 0.07446662881411611,
            "count": 41
        },
        "Labirint.Losses.PolicyLoss.sum": {
            "value": 0.6561846629289599,
            "min": 0.4071930268740592,
            "max": 0.7446662881411612,
            "count": 41
        },
        "Labirint.Losses.ValueLoss.mean": {
            "value": 6227.3566772460945,
            "min": 1407.5286401112874,
            "max": 12119.31880900065,
            "count": 41
        },
        "Labirint.Losses.ValueLoss.sum": {
            "value": 62273.566772460945,
            "min": 8445.171840667725,
            "max": 121193.1880900065,
            "count": 41
        },
        "Labirint.Policy.LearningRate.mean": {
            "value": 0.000287843209052265,
            "min": 0.000287843209052265,
            "max": 0.0002997940100686633,
            "count": 41
        },
        "Labirint.Policy.LearningRate.sum": {
            "value": 0.00287843209052265,
            "min": 0.0017987640604119797,
            "max": 0.0029954757465080846,
            "count": 41
        },
        "Labirint.Policy.Epsilon.mean": {
            "value": 0.195947735,
            "min": 0.195947735,
            "max": 0.19993133666666665,
            "count": 41
        },
        "Labirint.Policy.Epsilon.sum": {
            "value": 1.9594773500000002,
            "min": 1.19958802,
            "max": 1.9984919150000002,
            "count": 41
        },
        "Labirint.Policy.Beta.mean": {
            "value": 0.0047977919765,
            "min": 0.0047977919765,
            "max": 0.004996573699666666,
            "count": 41
        },
        "Labirint.Policy.Beta.sum": {
            "value": 0.047977919765,
            "min": 0.029979442198,
            "max": 0.049924746558499995,
            "count": 41
        },
        "Labirint.IsTraining.mean": {
            "value": 1.0,
            "min": 1.0,
            "max": 1.0,
            "count": 41
        },
        "Labirint.IsTraining.sum": {
            "value": 1.0,
            "min": 1.0,
            "max": 1.0,
            "count": 41
        }
    },
    "metadata": {
        "timer_format_version": "0.1.0",
        "start_time_seconds": "1678825629",
        "python_version": "3.9.6 (tags/v3.9.6:db3ff76, Jun 28 2021, 15:26:21) [MSC v.1929 64 bit (AMD64)]",
        "command_line_arguments": "C:\\Users\\Andrey\\AppData\\Local\\Programs\\Python\\Python39\\Scripts\\mlagents-learn config/Labirint.yaml --run-id=Vector_Input_13.7 --resume",
        "mlagents_version": "0.29.0",
        "mlagents_envs_version": "0.29.0",
        "communication_protocol_version": "1.5.0",
        "pytorch_version": "1.7.1+cu110",
        "numpy_version": "1.21.2",
        "end_time_seconds": "1678832676"
    },
    "total": 7046.7026122,
    "count": 1,
    "self": 0.0035887999993065023,
    "children": {
        "run_training.setup": {
            "total": 0.1009057000000001,
            "count": 1,
            "self": 0.1009057000000001
        },
        "TrainerController.start_learning": {
            "total": 7046.5981177,
            "count": 1,
            "self": 5.65111050016003,
            "children": {
                "TrainerController._reset_env": {
                    "total": 5.309737200000001,
                    "count": 1,
                    "self": 5.309737200000001
                },
                "TrainerController.advance": {
                    "total": 7035.58677169984,
                    "count": 280508,
                    "self": 2.6836233001076835,
                    "children": {
                        "env_step": {
                            "total": 7032.903148399732,
                            "count": 280508,
                            "self": 6544.52798349979,
                            "children": {
                                "SubprocessEnvManager._take_step": {
                                    "total": 485.57697180000906,
                                    "count": 280508,
                                    "self": 4.892086700047912,
                                    "children": {
                                        "TorchPolicy.evaluate": {
                                            "total": 480.68488509996115,
                                            "count": 75317,
                                            "self": 168.65277760009673,
                                            "children": {
                                                "TorchPolicy.sample_actions": {
                                                    "total": 312.0321074998644,
                                                    "count": 75317,
                                                    "self": 312.0321074998644
                                                }
                                            }
                                        }
                                    }
                                },
                                "workers": {
                                    "total": 2.798193099932959,
                                    "count": 280507,
                                    "self": 0.0,
                                    "children": {
                                        "worker_root": {
                                            "total": 7036.73427509995,
                                            "count": 280507,
                                            "is_parallel": true,
                                            "self": 883.0030727999992,