{
    "name": "root",
    "gauges": {
        "Labirint.Policy.Entropy.mean": {
            "value": 3.259032726287842,
            "min": 0.480118066072464,
            "max": 3.259032726287842,
            "count": 23
        },
        "Labirint.Policy.Entropy.sum": {
            "value": 65180.65625,
            "min": 9602.361328125,
            "max": 65180.65625,
            "count": 23
        },
        "Labirint.Environment.EpisodeLength.mean": {
            "value": 0.9129769532370661,
            "min": 0.8306791140399048,
            "max": 0.9143786472782933,
            "count": 23
        },
        "Labirint.Environment.EpisodeLength.sum": {
            "value": 9547.0,
            "min": 9076.0,
            "max": 9558.0,
            "count": 23
        },
        "Labirint.Step.mean": {
            "value": 459998.0,
            "min": 19998.0,
            "max": 459998.0,
            "count": 23
        },
        "Labirint.Step.sum": {
            "value": 459998.0,
            "min": 19998.0,
            "max": 459998.0,
            "count": 23
        },
        "Labirint.Policy.ExtrinsicValueEstimate.mean": {
            "value": 1702.427001953125,
            "min": 369.8835754394531,
            "max": 1706.324462890625,
            "count": 23
        },
        "Labirint.Policy.ExtrinsicValueEstimate.sum": {
            "value": 17798874.0,
            "min": 3877859.5,
            "max": 17837916.0,
            "count": 23
        },
        "Labirint.Environment.CumulativeReward.mean": {
            "value": 64.45528455284553,
            "min": 53.88421052631579,
            "max": 195.5705904617714,
            "count": 23
        },
        "Labirint.Environment.CumulativeReward.sum": {
            "value": 673880.0,
            "min": 563090.0,
            "max": 2066790.0,
            "count": 23
        },
        "Labirint.Policy.ExtrinsicReward.mean": {
            "value": 64.45528455284553,
            "min": 53.88421052631579,
            "max": 195.5705904617714,
            "count": 23
        },
        "Labirint.Policy.ExtrinsicReward.sum": {
            "value": 673880.0,
            "min": 563090.0,
            "max": 2066790.0,
            "count": 23
        },
        "Labirint.Losses.PolicyLoss.mean": {
            "value": 0.06354908695163126,
            "min": 0.06332935923807478,
            "max": 0.07058759787760209,
            "count": 23
        },
        "Labirint.Losses.PolicyLoss.sum": {
            "value": 0.6354908695163126,
            "min": 0.5858115650674638,
            "max": 0.7058759787760209,
            "count": 23
        },
        "Labirint.Losses.ValueLoss.mean": {
            "value": 18332.207542419437,
            "min": 10485.31996752421,
            "max": 23834.68125712077,
            "count": 23
        },
        "Labirint.Losses.ValueLoss.sum": {
            "value": 183322.07542419437,
            "min": 104853.1996752421,
            "max": 238346.8125712077,
            "count": 23
        },
        "Labirint.Policy.LearningRate.mean": {
            "value": 0.00029324203125265697,
            "min": 0.00029324203125265697,
            "max": 0.0002998461483846172,
            "count": 23
        },
        "Labirint.Policy.LearningRate.sum": {
            "value": 0.0029324203125265695,
            "min": 0.0026473531975489397,
            "max": 0.002995537006487665,
            "count": 23
        },
        "Labirint.Policy.Epsilon.mean": {
            "value": 0.19774734300000002,
            "min": 0.19774734300000002,
            "max": 0.19994871611111112,
            "count": 23
        },
        "Labirint.Policy.Epsilon.sum": {
            "value": 1.9774734300000003,
            "min": 1.78245106,
            "max": 1.9985123350000003,
            "count": 23
        },
        "Labirint.Policy.Beta.mean": {
            "value": 0.0048875924157,
            "min": 0.0048875924157,
            "max": 0.004997440933944445,
            "count": 23
        },
        "Labirint.Policy.Beta.sum": {
            "value": 0.048875924157,
            "min": 0.044124307894,
            "max": 0.049925765516500006,
            "count": 23
        },
        "Labirint.IsTraining.mean": {
            "value": 1.0,
            "min": 1.0,
            "max": 1.0,
            "count": 23
        },
        "Labirint.IsTraining.sum": {
            "value": 1.0,
            "min": 1.0,
            "max": 1.0,
            "count": 23
        }
    },
    "metadata": {
        "timer_format_version": "0.1.0",
        "start_time_seconds": "1678786521",
        "python_version": "3.9.6 (tags/v3.9.6:db3ff76, Jun 28 2021, 15:26:21) [MSC v.1929 64 bit (AMD64)]",
        "command_line_arguments": "C:\\Users\\Andrey\\AppData\\Local\\Programs\\Python\\Python39\\Scripts\\mlagents-learn config/Labirint.yaml --run-id=Vector_Input_10",
        "mlagents_version": "0.29.0",
        "mlagents_envs_version": "0.29.0",
        "communication_protocol_version": "1.5.0",
        "pytorch_version": "1.7.1+cu110",
        "numpy_version": "1.21.2",
        "end_time_seconds": "1678793221"
    },
    "total": 6699.6913926,
    "count": 1,
    "self": 0.0035194999991290388,
    "children": {
        "run_training.setup": {
            "total": 0.08711979999999997,
            "count": 1,
            "self": 0.08711979999999997
        },
        "TrainerController.start_learning": {
            "total": 6699.6007533,
            "count": 1,
            "self": 3.1176494999299393,
            "children": {
                "TrainerController._reset_env": {
                    "total": 12.4399506,
                    "count": 1,
                    "self": 12.4399506
                },
                "TrainerController.advance": {
                    "total": 6683.95431930007,
                    "count": 160262,
                    "self": 1.4808954998652553,
                    "children": {
                        "env_step": {
                            "total": 6682.473423800205,
                            "count": 160262,
                            "self": 6272.395519100279,
                            "children": {
                                "SubprocessEnvManager._take_step": {
                                    "total": 408.5543483000058,
                                    "count": 160262,
                                    "self": 3.2887559999875293,
                                    "children": {
                                        "TorchPolicy.evaluate": {
                                            "total": 405.2655923000183,
                                            "count": 55271,
                                            "self": 90.35201829993241,
                                            "children": {
                                                "TorchPolicy.sample_actions": {
                                                    "total": 314.9135740000859,
                                                    "count": 55271,
                                                    "self": 314.9135740000859
                                                }
                                            }
                                        }
                                    }
                                },
                                "workers": {
                                    "total": 1.5235563999203041,
                                    "count": 160261,
                                    "self": 0.0,
                                    "children": {
                                        "worker_root": {
                                            "total": 6685.45407030015,
                                            "count": 160261,
                                            "is_parallel": true,
                                            "self": 612.5121827001303,