{
    "name": "root",
    "metadata": {
        "timer_format_version": "0.1.0",
        "start_time_seconds": "1678731413",
        "python_version": "3.9.6 (tags/v3.9.6:db3ff76, Jun 28 2021, 15:26:21) [MSC v.1929 64 bit (AMD64)]",
        "command_line_arguments": "C:\\Users\\Andrey\\AppData\\Local\\Programs\\Python\\Python39\\Scripts\\mlagents-learn config/Labirint.yaml --run-id=Vector_Input_7 --resume",
        "mlagents_version": "0.29.0",
        "mlagents_envs_version": "0.29.0",
        "communication_protocol_version": "1.5.0",
        "pytorch_version": "1.7.1+cu110",
        "numpy_version": "1.21.2",
        "end_time_seconds": "1678731465"
    },
    "total": 51.2880063,
    "count": 1,
    "self": 0.0042514000000011265,
    "children": {
        "run_training.setup": {
            "total": 0.08234839999999999,
            "count": 1,
            "self": 0.08234839999999999
        },
        "TrainerController.start_learning": {
            "total": 51.2014065,
            "count": 1,
            "self": 0.13464419999998967,
            "children": {
                "TrainerController._reset_env": {
                    "total": 9.164220499999999,
                    "count": 1,
                    "self": 9.164220499999999
                },
                "TrainerController.advance": {
                    "total": 41.8233612,
                    "count": 7544,
                    "self": 0.056800500000043996,
                    "children": {
                        "env_step": {
                            "total": 41.76656069999996,
                            "count": 7544,
                            "self": 21.790001300000164,
                            "children": {
                                "SubprocessEnvManager._take_step": {
                                    "total": 19.91508479999984,
                                    "count": 7544,
                                    "self": 0.21445839999989147,
                                    "children": {
                                        "TorchPolicy.evaluate": {
                                            "total": 19.700626399999948,
                                            "count": 5108,
                                            "self": 3.7029023999999477,
                                            "children": {
                                                "TorchPolicy.sample_actions": {
                                                    "total": 15.997724,
                                                    "count": 5108,
                                                    "self": 15.997724
                                                }
                                            }
                                        }
                                    }
                                },
                                "workers": {
                                    "total": 0.06147459999995242,
                                    "count": 7543,
                                    "self": 0.0,
                                    "children": {
                                        "worker_root": {
                                            "total": 43.766882400000185,
                                            "count": 7543,
                                            "is_parallel": true,
                                            "self": 26.85886610000058,
                                            "children": {
                                                "steps_from_proto": {
                                                    "total": 0.0002757999999998262,
                                                    "count": 1,
                                                    "is_parallel": true,
                                                    "self": 0.0001467999999995584,
                                                    "children": {
                                                        "_process_rank_one_or_two_observation": {
                                                            "total": 0.0001290000000002678,
                                                            "count": 2,
                                                            "is_parallel": true,
                                                            "self": 0.0001290000000002678
                                                        }
                                                    }
                                                },
                                                "UnityEnvironment.step": {
                                                    "total": 16.907740499999605,
                                                    "count": 7543,
                                                    "is_parallel": true,
                                                    "self": 0.4019856999998126,
                                                    "children": {
                                                        "UnityEnvironment._generate_step_input": {
                                                            "total": 0.283240799999648,
                                                            "count": 7543,
                                                            "is_parallel": true,
                                                            "self": 0.283240799999648
                                                        },
                                                        "communicator.exchange": {
                                                            "total": 14.97575370000022,
                                                            "count": 7543,
                                                            "is_parallel": true,
                                                            "self": 14.97575370000022
                                                        },
                                                        "steps_from_proto": {
                                                            "total": 1.2467602999999254,
                                                            "count": 7543,
                                                            "is_parallel": true,
                                                            "self": 0.7497089000000479,
                                                            "children": {
                                                                "_process_rank_one_or_two_observation": {
                                                                    "total": 0.4970513999998776,
                                                                    "count": 15086,
                                                                    "is_parallel": true,
                                                                    "self": 0.4970513999998776
                                                                }
                                                            }
                                                        }
                                                    }
                                                }
                                            }
                                        }
                                    }
                                }
                            }
                        }
                    }
                },
                "trainer_threads": {
                    "total": 2.6600000005316815e-05,
                    "count": 1,
                    "self": 2.6600000005316815e-05,
                    "children": {
                        "thread_root": {
                            "total": 0.0,
                            "count": 0,
                            "is_parallel": true,
                            "self": 0.0,