{
    "name": "root",
    "gauges": {
        "Labirint.Policy.Entropy.mean": {
            "value": 2.9747867584228516,
            "min": 0.9731771945953369,
            "max": 3.3952205181121826,
            "count": 160
        },
        "Labirint.Policy.Entropy.sum": {
            "value": 59522.5078125,
            "min": 18198.4140625,
            "max": 67972.3125,
            "count": 160
        },
        "Labirint.Environment.EpisodeLength.mean": {
            "value": 0.9993004896572399,
            "min": 0.9046454767726161,
            "max": 1.0,
            "count": 160
        },
        "Labirint.Environment.EpisodeLength.sum": {
            "value": 10000.0,
            "min": 8880.0,
            "max": 10005.0,
            "count": 160
        },
        "Labirint.Step.mean": {
            "value": 3339999.0,
            "min": 159998.0,
            "max": 3339999.0,
            "count": 160
        },
        "Labirint.Step.sum": {
            "value": 3339999.0,
            "min": 159998.0,
            "max": 3339999.0,
            "count": 160
        },
        "Labirint.Policy.ExtrinsicValueEstimate.mean": {
            "value": 21.29037094116211,
            "min": 9.038869857788086,
            "max": 29.862659454345703,
            "count": 160
        },
        "Labirint.Policy.ExtrinsicValueEstimate.sum": {
            "value": 212988.875,
            "min": 90686.984375,
            "max": 299612.0625,
            "count": 160
        },
        "Labirint.Environment.CumulativeReward.mean": {
            "value": 0.4808076769292283,
            "min": -0.006,
            "max": 3.8880962087240114,
            "count": 160
        },
        "Labirint.Environment.CumulativeReward.sum": {
            "value": 4810.0,
            "min": -60.0,
            "max": 38150.0,
            "count": 160
        },
        "Labirint.Policy.ExtrinsicReward.mean": {
            "value": 0.4808076769292283,
            "min": -0.006,
            "max": 3.8880962087240114,
            "count": 160
        },
        "Labirint.Policy.ExtrinsicReward.sum": {
            "value": 4810.0,
            "min": -60.0,
            "max": 38150.0,
            "count": 160
        },
        "Labirint.Losses.PolicyLoss.mean": {
            "value": 0.06939769280337107,
            "min": 0.06190766709106457,
            "max": 0.07387239678711113,
            "count": 160
        },
        "Labirint.Losses.PolicyLoss.sum": {
            "value": 0.6939769280337108,
            "min": 0.5571690038195811,
            "max": 0.7348260131548159,
            "count": 160
        },
        "Labirint.Losses.ValueLoss.mean": {
            "value": 13.299666050324836,
            "min": 4.1722648191265765,
            "max": 54.48287541336484,
            "count": 160
        },
        "Labirint.Losses.ValueLoss.sum": {
            "value": 132.99666050324836,
            "min": 41.69379913869003,
            "max": 490.3458787202835,
            "count": 160
        },
        "Labirint.Policy.LearningRate.mean": {
            "value": 0.00025005606014798546,
            "min": 0.00025005606014798546,
            "max": 0.0002977265407578199,
            "count": 160
        },
        "Labirint.Policy.LearningRate.sum": {
            "value": 0.002500560601479855,
            "min": 0.002253137953954065,
            "max": 0.00297156678947774,
            "count": 160
        },
        "Labirint.Policy.Epsilon.mean": {
            "value": 0.1833520145,
            "min": 0.1833520145,
            "max": 0.19924218000000002,
            "count": 160
        },
        "Labirint.Policy.Epsilon.sum": {
            "value": 1.833520145,
            "min": 1.651045935,
            "max": 1.9905222599999999,
            "count": 160
        },
        "Labirint.Policy.Beta.mean": {
            "value": 0.00416926552355,
            "min": 0.00416926552355,
            "max": 0.004962184782,
            "count": 160
        },
        "Labirint.Policy.Beta.sum": {
            "value": 0.041692655235500004,
            "min": 0.0375671921565,
            "max": 0.04952706077400001,
            "count": 160
        },
        "Labirint.IsTraining.mean": {
            "value": 1.0,
            "min": 1.0,
            "max": 1.0,
            "count": 160
        },
        "Labirint.IsTraining.sum": {
            "value": 1.0,
            "min": 1.0,
            "max": 1.0,
            "count": 160
        }
    },
    "metadata": {
        "timer_format_version": "0.1.0",
        "start_time_seconds": "1678751375",
        "python_version": "3.9.6 (tags/v3.9.6:db3ff76, Jun 28 2021, 15:26:21) [MSC v.1929 64 bit (AMD64)]",
        "command_line_arguments": "C:\\Users\\Andrey\\AppData\\Local\\Programs\\Python\\Python39\\Scripts\\mlagents-learn config/Labirint.yaml --run-id=Vector_Input_8 --resume",
        "mlagents_version": "0.29.0",
        "mlagents_envs_version": "0.29.0",
        "communication_protocol_version": "1.5.0",
        "pytorch_version": "1.7.1+cu110",
        "numpy_version": "1.21.2",
        "end_time_seconds": "1678779269"
    },
    "total": 27893.6063832,
    "count": 1,
    "self": 0.003499899998132605,
    "children": {
        "run_training.setup": {
            "total": 0.08483760000000007,
            "count": 1,
            "self": 0.08483760000000007
        },
        "TrainerController.start_learning": {
            "total": 27893.518045700002,
            "count": 1,
            "self": 17.119719301281293,
            "children": {
                "TrainerController._reset_env": {
                    "total": 10.929794600000001,
                    "count": 1,
                    "self": 10.929794600000001
                },
                "TrainerController.advance": {
                    "total": 27865.40608589872,
                    "count": 1119734,
                    "self": 8.48645339898576,
                    "children": {
                        "env_step": {
                            "total": 27856.919632499736,
                            "count": 1119734,
                            "self": 26322.13202809838,
                            "children": {
                                "SubprocessEnvManager._take_step": {
                                    "total": 1525.5419992009322,
                                    "count": 1119734,
                                    "self": 15.650437501328497,
                                    "children": {
                                        "TorchPolicy.evaluate": {
                                            "total": 1509.8915616996037,
                                            "count": 291572,
                                            "self": 213.3887397996832,
                                            "children": {
                                                "TorchPolicy.sample_actions": {
                                                    "total": 1296.5028218999205,
                                                    "count": 291572,
                                                    "self": 1296.5028218999205
                                                }
                                            }
                                        }
                                    }
                                },
                                "workers": {
                                    "total": 9.245605200425528,
                                    "count": 1119733,
                                    "self": 0.0,
                                    "children": {
                                        "worker_root": {
                                            "total": 27863.84455030033,
                                            "count": 1119733,
                                            "is_parallel": true,
                                            "self": 2754.044931899425,