{
    "name": "root",
    "metadata": {
        "timer_format_version": "0.1.0",
        "start_time_seconds": "1678718059",
        "python_version": "3.9.6 (tags/v3.9.6:db3ff76, Jun 28 2021, 15:26:21) [MSC v.1929 64 bit (AMD64)]",
        "command_line_arguments": "C:\\Users\\Andrey\\AppData\\Local\\Programs\\Python\\Python39\\Scripts\\mlagents-learn config/Labirint.yaml --run-id=Vector_Input_4.1",
        "mlagents_version": "0.29.0",
        "mlagents_envs_version": "0.29.0",
        "communication_protocol_version": "1.5.0",
        "pytorch_version": "1.7.1+cu110",
        "numpy_version": "1.21.2",
        "end_time_seconds": "1678718225"
    },
    "total": 166.2619054,
    "count": 1,
    "self": 10.130397099999982,
    "children": {
        "run_training.setup": {
            "total": 0.08849049999999992,
            "count": 1,
            "self": 0.08849049999999992
        },
        "TrainerController.start_learning": {
            "total": 156.0430178,
            "count": 1,
            "self": 0.40208619999847883,
            "children": {
                "TrainerController._reset_env": {
                    "total": 5.9236363,
                    "count": 1,
                    "self": 5.9236363
                },
                "TrainerController.advance": {
                    "total": 149.63820520000152,
                    "count": 22000,
                    "self": 0.17187590000094133,
                    "children": {
                        "env_step": {
                            "total": 149.46632930000058,
                            "count": 22000,
                            "self": 91.1378757000012,
                            "children": {
                                "SubprocessEnvManager._take_step": {
                                    "total": 58.1340373999999,
                                    "count": 22001,
                                    "self": 0.6754204999989071,
                                    "children": {
                                        "TorchPolicy.evaluate": {
                                            "total": 57.45861690000099,
                                            "count": 16244,
                                            "self": 9.707168100000956,
                                            "children": {
                                                "TorchPolicy.sample_actions": {
                                                    "total": 47.751448800000034,
                                                    "count": 16244,
                                                    "self": 47.751448800000034
                                                }
                                            }
                                        }
                                    }
                                },
                                "workers": {
                                    "total": 0.19441619999948223,
                                    "count": 21999,
                                    "self": 0.0,
                                    "children": {
                                        "worker_root": {
                                            "total": 147.45345459999993,
                                            "count": 21999,
                                            "is_parallel": true,
                                            "self": 75.52150770000007,
                                            "children": {
                                                "steps_from_proto": {
                                                    "total": 0.0007761999999997826,
                                                    "count": 2,
                                                    "is_parallel": true,
                                                    "self": 0.0004150999999992244,
                                                    "children": {
                                                        "_process_rank_one_or_two_observation": {
                                                            "total": 0.0003611000000005582,
                                                            "count": 4,
                                                            "is_parallel": true,
                                                            "self": 0.0003611000000005582
                                                        }
                                                    }
                                                },
                                                "UnityEnvironment.step": {
                                                    "total": 71.93117069999985,
                                                    "count": 21999,
                                                    "is_parallel": true,
                                                    "self": 1.2103580000021452,
                                                    "children": {
                                                        "UnityEnvironment._generate_step_input": {
                                                            "total": 0.8717697999996115,
                                                            "count": 21999,
                                                            "is_parallel": true,
                                                            "self": 0.8717697999996115
                                                        },
                                                        "communicator.exchange": {
                                                            "total": 65.97752899999969,
                                                            "count": 21999,
                                                            "is_parallel": true,
                                                            "self": 65.97752899999969
                                                        },
                                                        "steps_from_proto": {
                                                            "total": 3.8715138999984062,
                                                            "count": 21997,
                                                            "is_parallel": true,
                                                            "self": 2.2994933999984926,
                                                            "children": {
                                                                "_process_rank_one_or_two_observation": {
                                                                    "total": 1.5720204999999137,
                                                                    "count": 43994,
                                                                    "is_parallel": true,
                                                                    "self": 1.5720204999999137
                                                                }
                                                            }
                                                        }
                                                    }
                                                }
                                            }
                                        }
                                    }
                                }
                            }
                        }
                    }
                },
                "trainer_threads": {
                    "total": 2.200000000129876e-05,
                    "count": 1,
                    "self": 2.200000000129876e-05,
                    "children": {
                        "thread_root": {
                            "total": 0.0,
                            "count": 0,
                            "is_parallel": true,
                            "self": 0.0,